mysql_version	test_database
8.0.45	quizz_task2_test
db_name	schema_version
test	7
db_name	schema_version
application	3
id	room_id	schema_version	rules_version	status	phase	end_reason	question_count
2070	2293	2	2	FINISHED	FINISHED	COMPLETED	16
2071	2294	2	2	FINISHED	FINISHED	COMPLETED	1
2072	2295	2	2	FINISHED	FINISHED	COMPLETED	2
2073	2296	2	2	FINISHED	FINISHED	CANCELLED	1
game_session_id	user_id	player_state	score	total_correct_answer_time_ms	final_rank	remaining_spins	star_available	has_momentum	has_recovery	sql_correct_ms
2070	7603	PLAYING	243	5114	1	0	0	1	0	5114
2070	7604	PLAYING	120	4706	3	1	0	0	0	4706
2070	7605	PLAYING	209	5136	2	1	1	0	0	5136
2071	7603	PLAYING	20	49	1	0	0	0	0	49
2071	7604	PLAYING	20	50	2	0	0	0	0	50
2071	7605	PLAYING	20	51	3	0	0	0	0	51
2072	7603	PLAYING	40	139	1	0	0	0	0	139
2072	7604	PLAYING	40	145	2	0	0	0	0	145
2072	7605	PLAYING	40	153	3	0	0	0	0	153
2073	7603	PLAYING	0	0	1	0	0	0	0	0
2073	7604	PLAYING	0	0	1	0	0	0	0	0
2073	7605	PLAYING	0	0	1	0	0	0	0	0
game_session_id	order_index	mode	stage_question_index	question_duration_ms	released_hint_count	snapshot_hint_count	opened_at_ms	deadline_at_ms	scored_at_ms
2070	1	QUIZ	1	8000	0	NULL	1791573853396	1791573861396	1791573853610
2070	2	QUIZ	2	8000	0	NULL	1791573862226	1791573870226	1791573862391
2070	3	QUIZ	3	8000	0	NULL	1791573870972	1791573878972	1791573871161
2070	4	QUIZ	4	8000	0	NULL	1791573879747	1791573887747	1791573879938
2070	5	QUIZ	5	8000	0	NULL	1791573888498	1791573896498	1791573888665
2070	6	QUIZ	6	8000	0	NULL	1791573897241	1791573905241	1791573897441
2070	7	QUIZ	7	8000	0	NULL	1791573906002	1791573914002	1791573906159
2070	8	QUIZ	8	8000	0	NULL	1791573914735	1791573922735	1791573914914
2070	9	QUIZ	9	8000	0	NULL	1791573923481	1791573931481	1791573923612
2070	10	QUIZ	10	8000	0	NULL	1791573932182	1791573940182	1791573932387
2070	11	SONG	1	12000	0	NULL	1791573934147	1791573946147	1791573937472
2070	12	VIETNAMESE_PUZZLE	1	8000	0	NULL	1791573939190	1791573947190	1791573939412
2070	13	RIDDLE	1	8000	0	NULL	1791573941119	1791573949119	1791573941327
2070	14	CLUES	1	8000	2	3	1791573943023	1791573951023	1791573944388
2070	15	IMAGE_WORD	1	8000	0	NULL	1791573946069	1791573954069	1791573946239
2070	16	ORDERING	1	8000	0	NULL	1791573947919	1791573955919	1791573948087
2071	1	RIDDLE	1	5000	0	NULL	1791573950797	1791573955797	1791573950965
2072	1	VIETNAMESE_PUZZLE	1	5000	0	NULL	1791573953695	1791573958695	1791573953910
2072	2	ORDERING	1	5000	0	NULL	1791573955586	1791573960586	1791573955749
2073	1	CLUES	1	8000	1	3	1791573958035	1791573966035	NULL
game_session_id	answer_status	answer_count
2070	CORRECT	38
2070	WRONG	10
2071	CORRECT	3
2072	CORRECT	6
2073	ACCEPTED_UNSCORED	1
order_index	mode	user_id	answer_status	base_delta	score_delta	score_after	rule_delta
1	QUIZ	7603	CORRECT	30	30	30	30
1	QUIZ	7604	CORRECT	25	25	25	25
1	QUIZ	7605	CORRECT	10	10	10	10
6	QUIZ	7603	CORRECT	10	13	83	13
6	QUIZ	7604	WRONG	-4	-4	5	-4
6	QUIZ	7605	CORRECT	10	13	63	13
7	QUIZ	7603	CORRECT	10	10	93	10
7	QUIZ	7604	WRONG	-4	-1	4	-1
7	QUIZ	7605	CORRECT	10	10	73	10
10	QUIZ	7603	CORRECT	10	10	123	10
10	QUIZ	7604	WRONG	-4	0	0	-4
10	QUIZ	7605	WRONG	-4	-4	89	-4
11	SONG	7603	CORRECT	20	20	143	20
11	SONG	7604	CORRECT	20	20	20	20
11	SONG	7605	CORRECT	20	20	109	20
12	VIETNAMESE_PUZZLE	7603	CORRECT	20	20	163	20
12	VIETNAMESE_PUZZLE	7604	CORRECT	20	20	40	20
12	VIETNAMESE_PUZZLE	7605	CORRECT	20	20	129	20
13	RIDDLE	7603	CORRECT	20	20	183	20
13	RIDDLE	7604	CORRECT	20	20	60	20
13	RIDDLE	7605	CORRECT	20	20	149	20
14	CLUES	7603	CORRECT	20	20	203	20
14	CLUES	7604	CORRECT	20	20	80	20
14	CLUES	7605	CORRECT	20	20	169	20
15	IMAGE_WORD	7603	CORRECT	20	20	223	20
15	IMAGE_WORD	7604	CORRECT	20	20	100	20
15	IMAGE_WORD	7605	CORRECT	20	20	189	20
16	ORDERING	7603	CORRECT	20	20	243	20
16	ORDERING	7604	CORRECT	20	20	120	20
16	ORDERING	7605	CORRECT	20	20	209	20
id	status	config_version
2293	WAITING	2
2294	WAITING	2
2295	WAITING	2
2296	WAITING	2
outstanding_active_users
0
game_session_id	user_id	score	total_correct_answer_time_ms
1940	7075	55	3129
1940	7076	60	3406
1940	7077	30	101
1941	7075	0	0
1941	7076	0	0
1941	7077	0	0
invalid_non_clues_cursors
0
