mode,operation,user_id,game_id,request_id,duration_ms,outcome
baseline,CONTINUE,61,53,5026e4ba-e52a-4a98-b25e-677c8a2ed0c4,60.760100,SUCCESS
baseline,CONTINUE,62,53,36e458e2-7a4d-4607-a38e-e0df04b8e50e,37.705300,SUCCESS
baseline,CONTINUE,63,53,20880a47-c6e4-4288-bd8e-136f2ad5c11e,28.336100,SUCCESS
baseline,USE_SPIN,61,53,b29b32c0-aa6a-4732-b0d2-ccfe0bc70de3,38.413900,SUCCESS
baseline,USE_STAR,61,53,1e5bb84b-3151-4907-9321-29ce49bfbfee,36.737600,SUCCESS
baseline,USE_SPIN,61,53,b29b32c0-aa6a-4732-b0d2-ccfe0bc70de3,6.871200,REJECTED_OR_ERROR
baseline,USE_SPIN,62,53,de45fdc0-a8d4-4021-9978-ca8432d14107,36.031600,SUCCESS
baseline,USE_STAR,62,53,84e72aa4-3aaf-4884-8e6d-1dd3881b951a,36.250300,SUCCESS
baseline,USE_SPIN,62,53,de45fdc0-a8d4-4021-9978-ca8432d14107,5.319200,REJECTED_OR_ERROR
baseline,USE_SPIN,63,53,5e91b943-23ff-4abf-80c1-d889a35c886d,30.806800,SUCCESS
baseline,USE_STAR,63,53,4a3b5afd-b0e4-42e8-8e77-0d51cee6b24b,29.087100,SUCCESS
baseline,USE_SPIN,63,53,5e91b943-23ff-4abf-80c1-d889a35c886d,2.647700,REJECTED_OR_ERROR
baseline,ANSWER,61,53,e42080ed-d6c0-4a64-8406-f020e8aae870,25.228500,SUCCESS
baseline,ANSWER,62,53,d4783f04-e845-4bd6-9d0a-053b2b5d52be,22.800300,SUCCESS
baseline,ANSWER,63,53,97aa2842-d9f8-4b10-99d1-bed23a947aa6,29.043100,SUCCESS
baseline,ANSWER,61,53,e42080ed-d6c0-4a64-8406-f020e8aae870,2.592000,REJECTED_OR_ERROR
baseline,ANSWER,62,53,d4783f04-e845-4bd6-9d0a-053b2b5d52be,3.338700,REJECTED_OR_ERROR
baseline,ANSWER,63,53,97aa2842-d9f8-4b10-99d1-bed23a947aa6,3.589800,REJECTED_OR_ERROR
baseline,CANCEL_GAME,61,53,3dbc270d-c434-4afc-864e-70d2f7775523,45.454300,SUCCESS
baseline,ANSWER,61,53,e42080ed-d6c0-4a64-8406-f020e8aae870,3.456600,REJECTED_OR_ERROR
baseline,ANSWER,62,53,d4783f04-e845-4bd6-9d0a-053b2b5d52be,4.031500,REJECTED_OR_ERROR
baseline,ANSWER,63,53,97aa2842-d9f8-4b10-99d1-bed23a947aa6,3.321100,REJECTED_OR_ERROR
baseline,CONTINUE,61,54,c53afd16-f5e8-46b6-98ae-c8010cd264d3,20.682500,SUCCESS
baseline,CONTINUE,62,54,1252d978-b629-4dda-8ab2-c4333a1c217b,23.757400,SUCCESS
baseline,CONTINUE,63,54,5f8d2cdf-bdf0-428a-b556-f68b4e06d49a,23.466200,SUCCESS
baseline,USE_SPIN,61,54,3ec3c201-40ba-434b-9206-164265a8fc26,22.228600,SUCCESS
baseline,USE_STAR,61,54,669ab073-6d51-4cdc-a85d-843897b98788,19.268300,SUCCESS
baseline,USE_SPIN,61,54,3ec3c201-40ba-434b-9206-164265a8fc26,2.048300,REJECTED_OR_ERROR
baseline,USE_SPIN,62,54,8fd3f3ef-22ee-4a33-abb2-6ff19a15b936,17.539100,SUCCESS
baseline,USE_STAR,62,54,743e2ad4-40d7-4f45-aeda-a6ee5b7317fb,23.942800,SUCCESS
baseline,USE_SPIN,62,54,8fd3f3ef-22ee-4a33-abb2-6ff19a15b936,2.658100,REJECTED_OR_ERROR
baseline,USE_SPIN,63,54,9f2fb972-6704-406c-8994-c5024e8630a7,21.023900,SUCCESS
baseline,USE_STAR,63,54,435ec652-ddb1-4eb1-9730-c9905bd4c596,19.048600,SUCCESS
baseline,USE_SPIN,63,54,9f2fb972-6704-406c-8994-c5024e8630a7,3.882200,REJECTED_OR_ERROR
baseline,ANSWER,61,54,8a917f0f-2821-4c42-8538-4b151c12739c,14.549200,SUCCESS
baseline,ANSWER,62,54,4e75591f-5a3e-400e-b5f0-51765e3fd96f,13.868000,SUCCESS
baseline,ANSWER,63,54,3907c191-c789-4058-9531-1026313bff5d,14.982000,SUCCESS
baseline,ANSWER,61,54,8a917f0f-2821-4c42-8538-4b151c12739c,1.780900,REJECTED_OR_ERROR
baseline,ANSWER,62,54,4e75591f-5a3e-400e-b5f0-51765e3fd96f,1.924700,REJECTED_OR_ERROR
baseline,ANSWER,63,54,3907c191-c789-4058-9531-1026313bff5d,2.699200,REJECTED_OR_ERROR
baseline,CANCEL_GAME,61,54,15533779-48b5-4523-8e22-374ad7b7e32b,34.059200,SUCCESS
baseline,ANSWER,61,54,8a917f0f-2821-4c42-8538-4b151c12739c,4.093300,REJECTED_OR_ERROR
baseline,ANSWER,62,54,4e75591f-5a3e-400e-b5f0-51765e3fd96f,1.434400,REJECTED_OR_ERROR
baseline,ANSWER,63,54,3907c191-c789-4058-9531-1026313bff5d,1.815000,REJECTED_OR_ERROR
baseline,CONTINUE,61,55,bf74bf3b-cdc8-4ab3-8a6f-321e43e4d4f8,13.004500,SUCCESS
baseline,CONTINUE,62,55,845aa319-1276-4115-a4b5-511c68200d27,17.796100,SUCCESS
baseline,CONTINUE,63,55,b24188bb-05fd-47e9-950c-42223b66e7ee,17.916600,SUCCESS
baseline,USE_SPIN,61,55,dc7d9175-4559-4faa-b3d2-3da63bd47bb9,19.982300,SUCCESS
baseline,USE_STAR,61,55,9d6c681c-86f9-4e2e-9a79-cd692e673056,13.241300,SUCCESS
baseline,USE_SPIN,61,55,dc7d9175-4559-4faa-b3d2-3da63bd47bb9,2.561900,REJECTED_OR_ERROR
baseline,USE_SPIN,62,55,557a9ad3-f052-4d30-b07c-a9b19ae8196b,15.251500,SUCCESS
baseline,USE_STAR,62,55,f1128df8-a7cb-4267-b348-4ddab8fd0126,14.453200,SUCCESS
baseline,USE_SPIN,62,55,557a9ad3-f052-4d30-b07c-a9b19ae8196b,3.658400,REJECTED_OR_ERROR
baseline,USE_SPIN,63,55,f78cf7d4-bde3-4ae9-ab55-45b47ae5870f,21.367900,SUCCESS
baseline,USE_STAR,63,55,84a0a519-0afd-43fd-a360-73114332fd7d,19.870700,SUCCESS
baseline,USE_SPIN,63,55,f78cf7d4-bde3-4ae9-ab55-45b47ae5870f,4.103000,REJECTED_OR_ERROR
baseline,ANSWER,61,55,16a2d2af-72a9-4782-97b8-5c53176916a3,13.447600,SUCCESS
baseline,ANSWER,62,55,885151ec-d94a-4170-9515-e8f61753aec5,14.725800,SUCCESS
baseline,ANSWER,63,55,8b3ebe69-4bf0-41a9-a571-dc010fbd2ff2,15.727200,SUCCESS
baseline,ANSWER,61,55,16a2d2af-72a9-4782-97b8-5c53176916a3,1.970600,REJECTED_OR_ERROR
baseline,ANSWER,62,55,885151ec-d94a-4170-9515-e8f61753aec5,1.766100,REJECTED_OR_ERROR
baseline,ANSWER,63,55,8b3ebe69-4bf0-41a9-a571-dc010fbd2ff2,2.438900,REJECTED_OR_ERROR
baseline,CANCEL_GAME,61,55,a2410439-647c-46d5-b177-4ca3a1c53d64,22.511700,SUCCESS
baseline,ANSWER,61,55,16a2d2af-72a9-4782-97b8-5c53176916a3,3.923300,REJECTED_OR_ERROR
baseline,ANSWER,62,55,885151ec-d94a-4170-9515-e8f61753aec5,1.303100,REJECTED_OR_ERROR
baseline,ANSWER,63,55,8b3ebe69-4bf0-41a9-a571-dc010fbd2ff2,1.298700,REJECTED_OR_ERROR
baseline,CONTINUE,61,56,143f9b0e-0395-464a-80a7-b179a9d81569,12.691600,SUCCESS
baseline,CONTINUE,62,56,ef45a074-0397-4a17-a2b4-fb2542e0fa21,11.504300,SUCCESS
baseline,CONTINUE,63,56,76e35782-27e3-449f-9415-c533c87b9f8e,12.433700,SUCCESS
baseline,USE_SPIN,61,56,8f75f163-bb96-4168-b6c1-fc01facce353,13.045700,SUCCESS
baseline,USE_STAR,61,56,375f7131-ee3d-4a13-9dd9-3ab689abb9f8,12.546000,SUCCESS
baseline,USE_SPIN,61,56,8f75f163-bb96-4168-b6c1-fc01facce353,2.305700,REJECTED_OR_ERROR
baseline,USE_SPIN,62,56,cb08ce05-d32f-4ad8-bf05-3c0ed3a5ebf4,14.917600,SUCCESS
baseline,USE_STAR,62,56,c6a377a9-8410-4723-8bcd-fcb51dec4fb8,13.452000,SUCCESS
baseline,USE_SPIN,62,56,cb08ce05-d32f-4ad8-bf05-3c0ed3a5ebf4,2.252800,REJECTED_OR_ERROR
baseline,USE_SPIN,63,56,1ed505bd-b123-4c88-b43b-21e2ce5dadf3,15.581300,SUCCESS
baseline,USE_STAR,63,56,2f5310d5-d475-4c4a-8454-7bc6cfdaa4f0,14.682900,SUCCESS
baseline,USE_SPIN,63,56,1ed505bd-b123-4c88-b43b-21e2ce5dadf3,1.510900,REJECTED_OR_ERROR
baseline,ANSWER,61,56,7647c446-3278-4eea-9fc4-ae9ff9487c66,15.232100,SUCCESS
baseline,ANSWER,62,56,7eca451d-e3d9-41ae-b77d-c1d104ade689,15.197400,SUCCESS
baseline,ANSWER,63,56,65e91931-2d51-4d99-844c-5aa46a06619e,13.610000,SUCCESS
baseline,ANSWER,61,56,7647c446-3278-4eea-9fc4-ae9ff9487c66,4.417300,REJECTED_OR_ERROR
baseline,ANSWER,62,56,7eca451d-e3d9-41ae-b77d-c1d104ade689,2.240200,REJECTED_OR_ERROR
baseline,ANSWER,63,56,65e91931-2d51-4d99-844c-5aa46a06619e,2.121100,REJECTED_OR_ERROR
baseline,CANCEL_GAME,61,56,f8561b0b-c676-4d44-a763-1a6852e0d652,32.944400,SUCCESS
baseline,ANSWER,61,56,7647c446-3278-4eea-9fc4-ae9ff9487c66,3.300700,REJECTED_OR_ERROR
baseline,ANSWER,62,56,7eca451d-e3d9-41ae-b77d-c1d104ade689,2.974500,REJECTED_OR_ERROR
baseline,ANSWER,63,56,65e91931-2d51-4d99-844c-5aa46a06619e,2.789300,REJECTED_OR_ERROR
baseline,CONTINUE,61,57,4b7573a2-19e8-4c75-9edd-c0c90dc04e30,16.701600,SUCCESS
baseline,CONTINUE,62,57,31d61707-7639-4e72-a168-f000c756d970,19.657900,SUCCESS
baseline,CONTINUE,63,57,a054418e-621f-4d2e-9214-18f7649e8139,16.356900,SUCCESS
baseline,USE_SPIN,61,57,ae09bd43-e469-436b-9a1b-bd21f832da37,16.230600,SUCCESS
baseline,USE_STAR,61,57,fc24b41f-8dfb-41bb-9ee8-aded36df3e0a,19.545400,SUCCESS
baseline,USE_SPIN,61,57,ae09bd43-e469-436b-9a1b-bd21f832da37,4.404000,REJECTED_OR_ERROR
baseline,USE_SPIN,62,57,0d99d4c8-2bdc-4190-96f3-03b877c92ff5,13.975100,SUCCESS
baseline,USE_STAR,62,57,d86c1447-7740-4371-8276-c3094826cb45,11.308600,SUCCESS
baseline,USE_SPIN,62,57,0d99d4c8-2bdc-4190-96f3-03b877c92ff5,3.094900,REJECTED_OR_ERROR
baseline,USE_SPIN,63,57,825eb107-f5a8-4712-ad88-0b75dd2253d2,12.181700,SUCCESS
baseline,USE_STAR,63,57,4b81b38e-0819-4119-874e-19e7d40084c0,12.659700,SUCCESS
baseline,USE_SPIN,63,57,825eb107-f5a8-4712-ad88-0b75dd2253d2,1.641200,REJECTED_OR_ERROR
baseline,ANSWER,61,57,879e8d97-f31a-4f60-958b-131224f9f7b5,15.059900,SUCCESS
baseline,ANSWER,62,57,5e0a96c9-ece3-482f-ad58-5ac03d11ce02,12.967200,SUCCESS
baseline,ANSWER,63,57,e8b701ef-725a-4293-bfed-5c5ca99ecc37,14.596400,SUCCESS
baseline,ANSWER,61,57,879e8d97-f31a-4f60-958b-131224f9f7b5,2.029700,REJECTED_OR_ERROR
baseline,ANSWER,62,57,5e0a96c9-ece3-482f-ad58-5ac03d11ce02,1.867100,REJECTED_OR_ERROR
baseline,ANSWER,63,57,e8b701ef-725a-4293-bfed-5c5ca99ecc37,1.462300,REJECTED_OR_ERROR
baseline,CANCEL_GAME,61,57,3b606d13-8d31-4138-a3b0-5253edcb0221,21.623600,SUCCESS
baseline,ANSWER,61,57,879e8d97-f31a-4f60-958b-131224f9f7b5,6.677500,REJECTED_OR_ERROR
baseline,ANSWER,62,57,5e0a96c9-ece3-482f-ad58-5ac03d11ce02,2.638200,REJECTED_OR_ERROR
baseline,ANSWER,63,57,e8b701ef-725a-4293-bfed-5c5ca99ecc37,3.505300,REJECTED_OR_ERROR
baseline,CONTINUE,61,58,6a5d73c7-d116-4397-b98b-e54f2432d40d,10.087800,SUCCESS
baseline,CONTINUE,62,58,d35a9773-6adc-4a5d-b6f5-dc62731ec62b,12.771900,SUCCESS
baseline,CONTINUE,63,58,3cccc1ba-2977-42a1-943b-872d85f12cc2,10.960000,SUCCESS
baseline,USE_SPIN,61,58,1abdb7de-60bc-44d2-9686-00e14cd3afc3,12.515600,SUCCESS
baseline,USE_STAR,61,58,abe671c2-bcda-4428-bd2a-2c34083e12ab,12.606200,SUCCESS
baseline,USE_SPIN,61,58,1abdb7de-60bc-44d2-9686-00e14cd3afc3,3.079300,REJECTED_OR_ERROR
baseline,USE_SPIN,62,58,59ad57b5-1183-4a72-a078-a89d43087a70,13.175000,SUCCESS
baseline,USE_STAR,62,58,e5943877-dcad-43f9-9dc3-9ade764e46d8,14.108800,SUCCESS
baseline,USE_SPIN,62,58,59ad57b5-1183-4a72-a078-a89d43087a70,2.024500,REJECTED_OR_ERROR
baseline,USE_SPIN,63,58,70c15fe7-e8cc-4785-939a-4aa63eae88e2,12.674400,SUCCESS
baseline,USE_STAR,63,58,36ebe70e-9f72-4215-95d2-17527316f64c,12.536700,SUCCESS
baseline,USE_SPIN,63,58,70c15fe7-e8cc-4785-939a-4aa63eae88e2,2.964500,REJECTED_OR_ERROR
baseline,ANSWER,61,58,9ad4df8c-6f21-4894-8703-f263005bebeb,14.314200,SUCCESS
baseline,ANSWER,62,58,f75faf4b-022c-4702-977f-158c7e61f105,14.936400,SUCCESS
baseline,ANSWER,63,58,ff4985bd-8d36-4ca8-b789-4dc1402c4f4d,13.014000,SUCCESS
baseline,ANSWER,61,58,9ad4df8c-6f21-4894-8703-f263005bebeb,3.762400,REJECTED_OR_ERROR
baseline,ANSWER,62,58,f75faf4b-022c-4702-977f-158c7e61f105,2.590100,REJECTED_OR_ERROR
baseline,ANSWER,63,58,ff4985bd-8d36-4ca8-b789-4dc1402c4f4d,2.455600,REJECTED_OR_ERROR
baseline,CANCEL_GAME,61,58,ded010ee-a32d-4b4f-a81c-58f633914acc,21.980100,SUCCESS
baseline,ANSWER,61,58,9ad4df8c-6f21-4894-8703-f263005bebeb,4.448100,REJECTED_OR_ERROR
baseline,ANSWER,62,58,f75faf4b-022c-4702-977f-158c7e61f105,1.253300,REJECTED_OR_ERROR
baseline,ANSWER,63,58,ff4985bd-8d36-4ca8-b789-4dc1402c4f4d,1.407200,REJECTED_OR_ERROR
baseline,CONTINUE,61,59,47eff9b5-f44c-4fb4-b9e0-2cae8b69cac2,13.412900,SUCCESS
baseline,CONTINUE,62,59,c216e813-9ea4-4ec6-b2a4-47197dabbbb5,19.888100,SUCCESS
baseline,CONTINUE,63,59,0c161229-7f82-45f8-82e8-72fba7d4c9de,13.139100,SUCCESS
baseline,USE_SPIN,61,59,4ad7fd5e-dc9f-4233-92ab-5047e6c8c557,12.725200,SUCCESS
baseline,USE_STAR,61,59,d9c59571-8364-44fd-9fae-81cce68b30b3,16.783100,SUCCESS
baseline,USE_SPIN,61,59,4ad7fd5e-dc9f-4233-92ab-5047e6c8c557,3.240800,REJECTED_OR_ERROR
baseline,USE_SPIN,62,59,93144447-9003-4d59-bba7-6324a17b29b2,16.185500,SUCCESS
baseline,USE_STAR,62,59,b49dae95-825c-42bc-9bef-271f7b371658,15.696100,SUCCESS
baseline,USE_SPIN,62,59,93144447-9003-4d59-bba7-6324a17b29b2,3.660200,REJECTED_OR_ERROR
baseline,USE_SPIN,63,59,2af4ad2b-82a7-4f09-9898-61b3b51d16c7,18.459500,SUCCESS
baseline,USE_STAR,63,59,9b46f230-7b63-406a-97a9-9bf9a7d47b37,18.382800,SUCCESS
baseline,USE_SPIN,63,59,2af4ad2b-82a7-4f09-9898-61b3b51d16c7,2.914000,REJECTED_OR_ERROR
baseline,ANSWER,61,59,e2173ada-d575-453c-8159-849f2963e629,25.405300,SUCCESS
baseline,ANSWER,62,59,5ccb696d-d6bc-48d0-ab63-a03dc6be3d55,25.675800,SUCCESS
baseline,ANSWER,63,59,f1a75d04-2c13-4f62-b5c4-6b788a5b2018,26.205300,SUCCESS
baseline,ANSWER,61,59,e2173ada-d575-453c-8159-849f2963e629,1.592600,REJECTED_OR_ERROR
baseline,ANSWER,62,59,5ccb696d-d6bc-48d0-ab63-a03dc6be3d55,1.783700,REJECTED_OR_ERROR
baseline,ANSWER,63,59,f1a75d04-2c13-4f62-b5c4-6b788a5b2018,1.750600,REJECTED_OR_ERROR
baseline,CANCEL_GAME,61,59,516a167c-4132-4025-a2c7-d740d0d12450,25.333700,SUCCESS
baseline,ANSWER,61,59,e2173ada-d575-453c-8159-849f2963e629,4.899200,REJECTED_OR_ERROR
baseline,ANSWER,62,59,5ccb696d-d6bc-48d0-ab63-a03dc6be3d55,2.499900,REJECTED_OR_ERROR
baseline,ANSWER,63,59,f1a75d04-2c13-4f62-b5c4-6b788a5b2018,2.544400,REJECTED_OR_ERROR
baseline,CONTINUE,61,60,400c3b85-1485-4970-9721-629116eb0d8b,9.229300,SUCCESS
baseline,CONTINUE,62,60,d2ae63e0-5524-4580-87f5-2d7bef21fbd8,14.687300,SUCCESS
baseline,CONTINUE,63,60,05057daa-c81b-45ea-b90e-814ceebcc2cb,14.816000,SUCCESS
baseline,USE_SPIN,61,60,2529de9e-4df8-41ce-96ed-1dc878b7f778,13.745100,SUCCESS
baseline,USE_STAR,61,60,dba4cab9-df16-436e-96ca-2ee078bfa25d,16.181700,SUCCESS
baseline,USE_SPIN,61,60,2529de9e-4df8-41ce-96ed-1dc878b7f778,3.194800,REJECTED_OR_ERROR
baseline,USE_SPIN,62,60,865b644a-7ae8-455c-908b-e284c2a8a0e5,15.320500,SUCCESS
baseline,USE_STAR,62,60,5835a0ec-0607-4c41-b789-878a2512b4fe,13.652700,SUCCESS
baseline,USE_SPIN,62,60,865b644a-7ae8-455c-908b-e284c2a8a0e5,1.774200,REJECTED_OR_ERROR
baseline,USE_SPIN,63,60,3cbcadcb-8efe-4c44-ae84-e43b6b90b018,11.636800,SUCCESS
baseline,USE_STAR,63,60,8dd3a721-65f5-4e05-820b-ecb229726aeb,10.144500,SUCCESS
baseline,USE_SPIN,63,60,3cbcadcb-8efe-4c44-ae84-e43b6b90b018,1.354200,REJECTED_OR_ERROR
baseline,ANSWER,61,60,23b9b644-cf19-47ee-b7b6-9e4983141be3,16.516900,SUCCESS
baseline,ANSWER,62,60,502a9c57-c7fd-4bd7-9bc1-2f1b6e62661c,17.818700,SUCCESS
baseline,ANSWER,63,60,c6604d7b-3a60-4623-b5ee-3d9d3dce2e35,19.011400,SUCCESS
baseline,ANSWER,61,60,23b9b644-cf19-47ee-b7b6-9e4983141be3,2.319500,REJECTED_OR_ERROR
baseline,ANSWER,62,60,502a9c57-c7fd-4bd7-9bc1-2f1b6e62661c,3.110200,REJECTED_OR_ERROR
baseline,ANSWER,63,60,c6604d7b-3a60-4623-b5ee-3d9d3dce2e35,2.960200,REJECTED_OR_ERROR
baseline,CANCEL_GAME,61,60,c106698e-ca17-488b-a7f6-b206dd4b52ff,38.942800,SUCCESS
baseline,ANSWER,61,60,23b9b644-cf19-47ee-b7b6-9e4983141be3,8.237300,REJECTED_OR_ERROR
baseline,ANSWER,62,60,502a9c57-c7fd-4bd7-9bc1-2f1b6e62661c,3.485700,REJECTED_OR_ERROR
baseline,ANSWER,63,60,c6604d7b-3a60-4623-b5ee-3d9d3dce2e35,3.262600,REJECTED_OR_ERROR
baseline,CONTINUE,61,61,c82e0a48-a070-40e5-acc3-2e4a58a657be,19.103500,SUCCESS
baseline,CONTINUE,62,61,802bc9f3-036d-4fcd-9ed5-ea55099a1eff,21.852600,SUCCESS
baseline,CONTINUE,63,61,bcb0edbf-460b-4f57-931f-6520f9ed59e0,27.314700,SUCCESS
baseline,USE_SPIN,61,61,78a3fb41-405e-42ee-a87e-189fee9e8c6f,19.913000,SUCCESS
baseline,USE_STAR,61,61,2cd1c71d-4750-4656-8ab7-698b488200e6,17.641900,SUCCESS
baseline,USE_SPIN,61,61,78a3fb41-405e-42ee-a87e-189fee9e8c6f,3.520500,REJECTED_OR_ERROR
baseline,USE_SPIN,62,61,76900a0b-6e33-4383-bbb4-1f1d9b4bd042,17.134600,SUCCESS
baseline,USE_STAR,62,61,264ec865-e96b-481d-816a-355cf707d88f,20.357600,SUCCESS
baseline,USE_SPIN,62,61,76900a0b-6e33-4383-bbb4-1f1d9b4bd042,3.047600,REJECTED_OR_ERROR
baseline,USE_SPIN,63,61,a2b4f52a-b1f6-44cc-826f-179576353c5a,18.577600,SUCCESS
baseline,USE_STAR,63,61,1a717d96-2a2f-47fd-a63c-2b5221eac1e7,20.199600,SUCCESS
baseline,USE_SPIN,63,61,a2b4f52a-b1f6-44cc-826f-179576353c5a,3.200700,REJECTED_OR_ERROR
baseline,ANSWER,61,61,abc572e2-02ad-4941-9c6f-d0591e548398,14.373200,SUCCESS
baseline,ANSWER,62,61,cc801969-ab97-4ead-bab3-894376dba7fd,13.701400,SUCCESS
baseline,ANSWER,63,61,3265e48d-8fab-4d4d-8d20-61c5cfd08ad7,13.869900,SUCCESS
baseline,ANSWER,61,61,abc572e2-02ad-4941-9c6f-d0591e548398,1.499000,REJECTED_OR_ERROR
baseline,ANSWER,62,61,cc801969-ab97-4ead-bab3-894376dba7fd,1.369100,REJECTED_OR_ERROR
baseline,ANSWER,63,61,3265e48d-8fab-4d4d-8d20-61c5cfd08ad7,1.978100,REJECTED_OR_ERROR
baseline,CANCEL_GAME,61,61,a5a7fc15-d073-494f-be93-72b2fca83a7a,28.022900,SUCCESS
baseline,ANSWER,61,61,abc572e2-02ad-4941-9c6f-d0591e548398,5.238300,REJECTED_OR_ERROR
baseline,ANSWER,62,61,cc801969-ab97-4ead-bab3-894376dba7fd,2.290400,REJECTED_OR_ERROR
baseline,ANSWER,63,61,3265e48d-8fab-4d4d-8d20-61c5cfd08ad7,2.377300,REJECTED_OR_ERROR
baseline,CONTINUE,61,62,10628fa0-8df8-4c6a-91c7-fa64b1feda7c,12.558600,SUCCESS
baseline,CONTINUE,62,62,da9dc556-a9f2-4391-bffc-d16598e7262b,14.163800,SUCCESS
baseline,CONTINUE,63,62,7256e31b-cf00-4d32-9117-f3560c4f36df,12.845800,SUCCESS
baseline,USE_SPIN,61,62,648dd3e5-02b1-440c-9c9c-67c7a2700d1c,21.542200,SUCCESS
baseline,USE_STAR,61,62,1970b3cd-59c1-42d0-8840-100c7282b902,22.146300,SUCCESS
baseline,USE_SPIN,61,62,648dd3e5-02b1-440c-9c9c-67c7a2700d1c,1.828100,REJECTED_OR_ERROR
baseline,USE_SPIN,62,62,4646c67f-f245-4d9e-9ff6-e8b5a79161a4,11.412800,SUCCESS
baseline,USE_STAR,62,62,98a66f9d-8d8d-4b8a-b845-1796925482e9,13.917000,SUCCESS
baseline,USE_SPIN,62,62,4646c67f-f245-4d9e-9ff6-e8b5a79161a4,2.409900,REJECTED_OR_ERROR
baseline,USE_SPIN,63,62,c61d835d-4c18-46de-913c-68a6f217faf2,17.249600,SUCCESS
baseline,USE_STAR,63,62,ddaccdc0-15c4-4122-9862-6c18867ebe57,16.390900,SUCCESS
baseline,USE_SPIN,63,62,c61d835d-4c18-46de-913c-68a6f217faf2,1.674100,REJECTED_OR_ERROR
baseline,ANSWER,61,62,8e4d3c48-cc72-49dd-91e6-4a719fc62961,12.706000,SUCCESS
baseline,ANSWER,62,62,19a9f101-edf6-4516-a354-1f11464be13e,13.747300,SUCCESS
baseline,ANSWER,63,62,43127472-8479-4e9e-bfcd-dfd20f12c754,16.416000,SUCCESS
baseline,ANSWER,61,62,8e4d3c48-cc72-49dd-91e6-4a719fc62961,1.217100,REJECTED_OR_ERROR
baseline,ANSWER,62,62,19a9f101-edf6-4516-a354-1f11464be13e,1.349900,REJECTED_OR_ERROR
baseline,ANSWER,63,62,43127472-8479-4e9e-bfcd-dfd20f12c754,1.672000,REJECTED_OR_ERROR
baseline,CANCEL_GAME,61,62,5d3f33ee-1f76-4de1-97aa-0df4520c71c9,18.529600,SUCCESS
baseline,ANSWER,61,62,8e4d3c48-cc72-49dd-91e6-4a719fc62961,2.408900,REJECTED_OR_ERROR
baseline,ANSWER,62,62,19a9f101-edf6-4516-a354-1f11464be13e,1.143500,REJECTED_OR_ERROR
baseline,ANSWER,63,62,43127472-8479-4e9e-bfcd-dfd20f12c754,1.102900,REJECTED_OR_ERROR
baseline,CONTINUE,61,63,b15ba7a7-c5e5-4797-915e-24f10a4a33e0,13.348800,SUCCESS
baseline,CONTINUE,62,63,88bd7c6a-68c0-4baf-afcb-95c9b9700915,12.570000,SUCCESS
baseline,CONTINUE,63,63,0128d5ce-1892-40ed-99e2-df6aaf252bae,10.951100,SUCCESS
baseline,USE_SPIN,63,63,e3baff0f-5466-4ce6-8b51-48fc4d0c7dcf,14.035000,SUCCESS
baseline,USE_SPIN,61,63,2132fdf5-1e12-4635-85c8-0db923d35d95,26.509200,SUCCESS
baseline,USE_SPIN,62,63,2c621a2e-d81d-49df-ba51-5eb744bee0eb,38.996700,SUCCESS
baseline,ANSWER,63,63,cf20a866-a00e-4b97-8c19-f1fcf4921c36,18.215100,SUCCESS
baseline,ANSWER,61,63,b13a0025-05b5-4953-b853-d41ab6153cf5,36.239300,SUCCESS
baseline,ANSWER,62,63,13ac9a81-572b-4fbf-8596-9b6067841039,59.832600,SUCCESS
baseline,CANCEL_GAME,61,63,8556b6b4-532e-4210-a550-e54e18132832,52.013000,SUCCESS
baseline,CONTINUE,61,64,2bd3bb35-a9dc-4129-8380-4f43fe26557f,17.264400,SUCCESS
baseline,CONTINUE,62,64,59bc6dcf-029e-4ff2-8e35-ecf4557157c7,18.020500,SUCCESS
baseline,CONTINUE,63,64,e8054809-68ec-42e1-a619-b153c4350915,17.260900,SUCCESS
baseline,USE_SPIN,63,64,86a42c45-f26e-48a3-bad6-db958df3c89c,13.946500,SUCCESS
baseline,USE_SPIN,61,64,521b5ec8-0f44-4150-aebd-c708a9147ccc,30.107800,SUCCESS
baseline,USE_SPIN,62,64,1d817807-e71f-4ccd-bb09-bc007ac8c667,51.241300,SUCCESS
baseline,ANSWER,61,64,8506210e-b654-40a5-8c40-1bc467910844,10.712700,SUCCESS
baseline,ANSWER,63,64,f7ea34ae-a0e5-42c8-aeda-b79c35f2dcf3,22.034000,SUCCESS
baseline,ANSWER,62,64,fe14ba88-e6ea-49dc-a9fb-ba2fe1f5a042,36.172800,SUCCESS
baseline,CANCEL_GAME,61,64,38358e92-3ed5-413d-8caf-b8cb5e4239f3,73.568900,SUCCESS
baseline,CONTINUE,61,65,ffb9f285-48e7-4e52-82d0-bf3e32aea689,11.612300,SUCCESS
baseline,CONTINUE,62,65,2dfb2a32-da4e-4bce-a5eb-b3f7a31f9ea7,15.405100,SUCCESS
baseline,CONTINUE,63,65,6ac4677a-e3e5-443c-a2fa-0b84497501f6,15.699700,SUCCESS
baseline,USE_SPIN,63,65,c1a21b94-200c-459e-bed3-b4badee19463,12.466500,SUCCESS
baseline,USE_SPIN,61,65,ab45714d-fd60-4c10-98c2-11ee17604467,26.132700,SUCCESS
baseline,USE_SPIN,62,65,390cef8a-cfd4-4ac9-99be-3451a970c712,39.425600,SUCCESS
baseline,ANSWER,63,65,a6df3315-37b7-457c-8ee1-8517320048ba,13.358000,SUCCESS
baseline,ANSWER,61,65,e4ecadd6-0829-41bb-8d7a-86ad60913355,28.026700,SUCCESS
baseline,ANSWER,62,65,a20e480f-6128-4491-80be-66a30dee1d91,42.322200,SUCCESS
baseline,CANCEL_GAME,61,65,2a91fd3b-655b-4be2-b2de-5edd6b8b0f9b,79.287500,SUCCESS
baseline,CONTINUE,61,66,3b8d1be8-a030-4117-88ed-41a35d7986bf,16.363700,SUCCESS
baseline,CONTINUE,62,66,40ee775b-1a8f-45cf-865c-5486b3dbbf29,18.308400,SUCCESS
baseline,CONTINUE,63,66,574930f5-1f8e-4bc8-869a-d895a70958ba,19.440600,SUCCESS
baseline,CONTINUE,64,66,fb58f1a8-5244-41c3-8bb3-341a2e14d3d8,16.698200,SUCCESS
baseline,USE_SPIN,62,66,e54cca87-0fc4-4360-8075-d18aa9ee8752,18.549500,SUCCESS
baseline,USE_SPIN,61,66,0e6da243-6036-4b39-88e0-7648d63d1014,38.174800,SUCCESS
baseline,USE_SPIN,64,66,9d5cd6f6-4c87-4d43-a978-6b27ec30a187,57.917100,SUCCESS
baseline,USE_SPIN,63,66,4485a8ff-b182-40b8-a095-4d5f1bf799a8,77.501800,SUCCESS
baseline,ANSWER,61,66,10360406-c587-4ea0-bfc1-092ed59b2858,13.309200,SUCCESS
baseline,ANSWER,64,66,b8d71cb4-aa54-4306-bfa7-461734a64edf,56.551300,SUCCESS
baseline,ANSWER,63,66,1cee4bc8-6b25-4d76-8ca8-5992337fa653,72.468400,SUCCESS
baseline,ANSWER,62,66,2bd4d563-d1a7-448f-91dc-99a109934af9,85.806800,SUCCESS
baseline,CANCEL_GAME,61,66,86fda2c9-6d1a-4cd9-8ca2-e40e7cd6c420,73.210000,SUCCESS
baseline,CONTINUE,61,67,3c61036b-7a28-4a6e-bd69-14e086820943,14.354300,SUCCESS
baseline,CONTINUE,62,67,f89bdb97-ec51-4752-9041-4d4f598832d9,14.709000,SUCCESS
baseline,CONTINUE,63,67,eaef9328-1392-462b-9df4-00d55beb6ddc,14.168600,SUCCESS
baseline,CONTINUE,64,67,d1936655-86e2-47a1-a155-280cdd3186fa,11.006000,SUCCESS
baseline,USE_SPIN,64,67,be36b742-579e-4f4c-b623-e674cce6a6a3,16.015800,SUCCESS
baseline,USE_SPIN,63,67,be661948-2b99-45b7-abc2-285a4fb2e414,33.485900,SUCCESS
baseline,USE_SPIN,61,67,8fece380-1ddf-4564-9f59-ffae514e21e2,52.776400,SUCCESS
baseline,USE_SPIN,62,67,b1b1206d-03f1-40f5-8fa8-cfd04b387f0c,70.140200,SUCCESS
baseline,ANSWER,64,67,ac536f84-03d7-440d-b374-9cac24252895,15.459800,SUCCESS
baseline,ANSWER,62,67,3a73e894-a94b-43ef-a280-33c0bb861dee,35.698100,SUCCESS
baseline,ANSWER,63,67,d54c470f-4f33-4ed5-b957-212503a84dd7,51.827800,SUCCESS
baseline,ANSWER,61,67,a80867db-4a66-4f3d-a3e7-18c679976636,71.662000,SUCCESS
baseline,CANCEL_GAME,61,67,f259b70b-087b-4478-b2d4-b5059faf9c06,93.299700,SUCCESS
baseline,CONTINUE,61,68,4e69474f-12aa-48c5-a917-3ee8f502f4f0,10.822700,SUCCESS
baseline,CONTINUE,62,68,c18c9f69-184b-43ec-ba79-0b76f46e7ff3,13.020800,SUCCESS
baseline,CONTINUE,63,68,ba4c781e-be31-4f64-abde-4230f49a61bc,13.460000,SUCCESS
baseline,CONTINUE,64,68,1dfb5ccb-9e5e-401e-b648-abb3550d95fa,16.745800,SUCCESS
baseline,USE_SPIN,63,68,260264d3-4ae7-4aeb-9b04-1263248bfd0e,17.032600,SUCCESS
baseline,USE_SPIN,61,68,96d340b6-096c-4cd0-9d3e-cad820ec660c,36.358000,SUCCESS
baseline,USE_SPIN,62,68,10155529-423d-4c20-8cad-4ace0ab72a18,55.950700,SUCCESS
baseline,USE_SPIN,64,68,cd6cbeb6-9df2-46ef-bef3-6bc5884fde30,72.866600,SUCCESS
baseline,ANSWER,61,68,5cff8eb2-1ae0-4a66-864b-4b537c917872,15.771800,SUCCESS
baseline,ANSWER,63,68,6c59ce5c-84fc-42aa-aa0a-c904f2d7aeab,28.465700,SUCCESS
baseline,ANSWER,62,68,94c78a92-b984-4609-82fa-449b8586fd96,41.610100,SUCCESS
baseline,ANSWER,64,68,6d672e44-598a-4e0d-9666-c9ce2f492844,54.720800,SUCCESS
baseline,CANCEL_GAME,61,68,5fe4985e-984c-4461-9121-f3cb5029c9b0,51.714800,SUCCESS
