mode,scenario,clients,rooms,round,trial,user_id,game_id,operation,response_ms,snapshot_response_ms,client_apply_resync_ms,original_recovered,duplicate_side_effects,state_mismatch,invariant_violation,code
baseline,reconnect_decision,3,1,1,1,61,53,SUBSCRIBE_ROOM,30.0775,,,,,1,,ACK
baseline,lost_spin_ack,3,1,1,2,61,53,USE_SPIN,15.5228,,,0,0,,,SPIN_AFTER_STAR
baseline,reconnect_decision,3,1,1,3,62,53,SUBSCRIBE_ROOM,35.5805,,,,,1,,ACK
baseline,lost_spin_ack,3,1,1,4,62,53,USE_SPIN,11.7859,,,0,0,,,SPIN_AFTER_STAR
baseline,reconnect_decision,3,1,1,5,63,53,SUBSCRIBE_ROOM,31.4095,,,,,1,,ACK
baseline,lost_spin_ack,3,1,1,6,63,53,USE_SPIN,6.9957,,,0,0,,,SPIN_AFTER_STAR
baseline,reconnect_after_answer,3,1,1,7,61,53,SUBSCRIBE_ROOM,20.7523,,,,,1,,ACK
baseline,lost_answer_ack,3,1,1,8,61,53,ANSWER,6.1982,,,0,0,,,QUESTION_CLOSED
baseline,reconnect_after_answer,3,1,1,9,62,53,SUBSCRIBE_ROOM,14.9851,,,,,1,,ACK
baseline,lost_answer_ack,3,1,1,10,62,53,ANSWER,7.4529,,,0,0,,,QUESTION_CLOSED
baseline,reconnect_after_answer,3,1,1,11,63,53,SUBSCRIBE_ROOM,16.5982,,,,,1,,ACK
baseline,lost_answer_ack,3,1,1,12,63,53,ANSWER,8.9307,,,0,0,,,QUESTION_CLOSED
baseline,retry_finished,3,1,1,13,61,53,ANSWER,7.6304,,,0,,,,QUESTION_CLOSED
baseline,retry_finished,3,1,1,14,62,53,ANSWER,9.5646,,,0,,,,QUESTION_CLOSED
baseline,retry_finished,3,1,1,15,63,53,ANSWER,8.7145,,,0,,,,QUESTION_CLOSED
baseline,durable_invariants,3,1,1,16,,53,HISTORY,,,,,0,,0,PASS
baseline,reconnect_decision,3,1,2,17,61,54,SUBSCRIBE_ROOM,13.505,,,,,1,,ACK
baseline,lost_spin_ack,3,1,2,18,61,54,USE_SPIN,5.4714,,,0,0,,,SPIN_AFTER_STAR
baseline,reconnect_decision,3,1,2,19,62,54,SUBSCRIBE_ROOM,23.9611,,,,,1,,ACK
baseline,lost_spin_ack,3,1,2,20,62,54,USE_SPIN,6.2425,,,0,0,,,SPIN_AFTER_STAR
baseline,reconnect_decision,3,1,2,21,63,54,SUBSCRIBE_ROOM,20.7761,,,,,1,,ACK
baseline,lost_spin_ack,3,1,2,22,63,54,USE_SPIN,9.009,,,0,0,,,SPIN_AFTER_STAR
baseline,reconnect_after_answer,3,1,2,23,61,54,SUBSCRIBE_ROOM,15.0973,,,,,1,,ACK
baseline,lost_answer_ack,3,1,2,24,61,54,ANSWER,5.1198,,,0,0,,,QUESTION_CLOSED
baseline,reconnect_after_answer,3,1,2,25,62,54,SUBSCRIBE_ROOM,14.5897,,,,,1,,ACK
baseline,lost_answer_ack,3,1,2,26,62,54,ANSWER,5.5583,,,0,0,,,QUESTION_CLOSED
baseline,reconnect_after_answer,3,1,2,27,63,54,SUBSCRIBE_ROOM,14.2551,,,,,1,,ACK
baseline,lost_answer_ack,3,1,2,28,63,54,ANSWER,6.2513,,,0,0,,,QUESTION_CLOSED
baseline,retry_finished,3,1,2,29,61,54,ANSWER,7.2949,,,0,,,,QUESTION_CLOSED
baseline,retry_finished,3,1,2,30,62,54,ANSWER,4.1208,,,0,,,,QUESTION_CLOSED
baseline,retry_finished,3,1,2,31,63,54,ANSWER,3.9481,,,0,,,,QUESTION_CLOSED
baseline,durable_invariants,3,1,2,32,,54,HISTORY,,,,,0,,0,PASS
baseline,reconnect_decision,3,1,3,33,61,55,SUBSCRIBE_ROOM,12.2079,,,,,1,,ACK
baseline,lost_spin_ack,3,1,3,34,61,55,USE_SPIN,5.762,,,0,0,,,SPIN_AFTER_STAR
baseline,reconnect_decision,3,1,3,35,62,55,SUBSCRIBE_ROOM,14.0307,,,,,1,,ACK
baseline,lost_spin_ack,3,1,3,36,62,55,USE_SPIN,6.9442,,,0,0,,,SPIN_AFTER_STAR
baseline,reconnect_decision,3,1,3,37,63,55,SUBSCRIBE_ROOM,14.7682,,,,,1,,ACK
baseline,lost_spin_ack,3,1,3,38,63,55,USE_SPIN,9.7805,,,0,0,,,SPIN_AFTER_STAR
baseline,reconnect_after_answer,3,1,3,39,61,55,SUBSCRIBE_ROOM,11.9357,,,,,1,,ACK
baseline,lost_answer_ack,3,1,3,40,61,55,ANSWER,5.8497,,,0,0,,,QUESTION_CLOSED
baseline,reconnect_after_answer,3,1,3,41,62,55,SUBSCRIBE_ROOM,11.7981,,,,,1,,ACK
baseline,lost_answer_ack,3,1,3,42,62,55,ANSWER,4.2359,,,0,0,,,QUESTION_CLOSED
baseline,reconnect_after_answer,3,1,3,43,63,55,SUBSCRIBE_ROOM,11.0473,,,,,1,,ACK
baseline,lost_answer_ack,3,1,3,44,63,55,ANSWER,5.0219,,,0,0,,,QUESTION_CLOSED
baseline,retry_finished,3,1,3,45,61,55,ANSWER,6.0312,,,0,,,,QUESTION_CLOSED
baseline,retry_finished,3,1,3,46,62,55,ANSWER,3.1506,,,0,,,,QUESTION_CLOSED
baseline,retry_finished,3,1,3,47,63,55,ANSWER,3.2983,,,0,,,,QUESTION_CLOSED
baseline,durable_invariants,3,1,3,48,,55,HISTORY,,,,,0,,0,PASS
baseline,reconnect_decision,3,1,4,49,61,56,SUBSCRIBE_ROOM,12.3571,,,,,1,,ACK
baseline,lost_spin_ack,3,1,4,50,61,56,USE_SPIN,5.252,,,0,0,,,SPIN_AFTER_STAR
baseline,reconnect_decision,3,1,4,51,62,56,SUBSCRIBE_ROOM,9.3745,,,,,1,,ACK
baseline,lost_spin_ack,3,1,4,52,62,56,USE_SPIN,5.1163,,,0,0,,,SPIN_AFTER_STAR
baseline,reconnect_decision,3,1,4,53,63,56,SUBSCRIBE_ROOM,10.5466,,,,,1,,ACK
baseline,lost_spin_ack,3,1,4,54,63,56,USE_SPIN,3.7887,,,0,0,,,SPIN_AFTER_STAR
baseline,reconnect_after_answer,3,1,4,55,61,56,SUBSCRIBE_ROOM,20.9651,,,,,1,,ACK
baseline,lost_answer_ack,3,1,4,56,61,56,ANSWER,11.2902,,,0,0,,,QUESTION_CLOSED
baseline,reconnect_after_answer,3,1,4,57,62,56,SUBSCRIBE_ROOM,17.2104,,,,,1,,ACK
baseline,lost_answer_ack,3,1,4,58,62,56,ANSWER,4.5329,,,0,0,,,QUESTION_CLOSED
baseline,reconnect_after_answer,3,1,4,59,63,56,SUBSCRIBE_ROOM,12.4672,,,,,1,,ACK
baseline,lost_answer_ack,3,1,4,60,63,56,ANSWER,5.0814,,,0,0,,,QUESTION_CLOSED
baseline,retry_finished,3,1,4,61,61,56,ANSWER,5.9347,,,0,,,,QUESTION_CLOSED
baseline,retry_finished,3,1,4,62,62,56,ANSWER,6.8171,,,0,,,,QUESTION_CLOSED
baseline,retry_finished,3,1,4,63,63,56,ANSWER,7.5869,,,0,,,,QUESTION_CLOSED
baseline,durable_invariants,3,1,4,64,,56,HISTORY,,,,,0,,0,PASS
baseline,reconnect_decision,3,1,5,65,61,57,SUBSCRIBE_ROOM,19.4761,,,,,1,,ACK
baseline,lost_spin_ack,3,1,5,66,61,57,USE_SPIN,8.4088,,,0,0,,,SPIN_AFTER_STAR
baseline,reconnect_decision,3,1,5,67,62,57,SUBSCRIBE_ROOM,10.619,,,,,1,,ACK
baseline,lost_spin_ack,3,1,5,68,62,57,USE_SPIN,6.8031,,,0,0,,,SPIN_AFTER_STAR
baseline,reconnect_decision,3,1,5,69,63,57,SUBSCRIBE_ROOM,12.3129,,,,,1,,ACK
baseline,lost_spin_ack,3,1,5,70,63,57,USE_SPIN,4.8008,,,0,0,,,SPIN_AFTER_STAR
baseline,reconnect_after_answer,3,1,5,71,61,57,SUBSCRIBE_ROOM,10.8204,,,,,1,,ACK
baseline,lost_answer_ack,3,1,5,72,61,57,ANSWER,6.2141,,,0,0,,,QUESTION_CLOSED
baseline,reconnect_after_answer,3,1,5,73,62,57,SUBSCRIBE_ROOM,10.24,,,,,1,,ACK
baseline,lost_answer_ack,3,1,5,74,62,57,ANSWER,4.3993,,,0,0,,,QUESTION_CLOSED
baseline,reconnect_after_answer,3,1,5,75,63,57,SUBSCRIBE_ROOM,10.985,,,,,1,,ACK
baseline,lost_answer_ack,3,1,5,76,63,57,ANSWER,3.5028,,,0,0,,,QUESTION_CLOSED
baseline,retry_finished,3,1,5,77,61,57,ANSWER,9.7279,,,0,,,,QUESTION_CLOSED
baseline,retry_finished,3,1,5,78,62,57,ANSWER,5.4054,,,0,,,,QUESTION_CLOSED
baseline,retry_finished,3,1,5,79,63,57,ANSWER,6.2057,,,0,,,,QUESTION_CLOSED
baseline,durable_invariants,3,1,5,80,,57,HISTORY,,,,,0,,0,PASS
baseline,reconnect_decision,3,1,6,81,61,58,SUBSCRIBE_ROOM,13.3744,,,,,1,,ACK
baseline,lost_spin_ack,3,1,6,82,61,58,USE_SPIN,5.935,,,0,0,,,SPIN_AFTER_STAR
baseline,reconnect_decision,3,1,6,83,62,58,SUBSCRIBE_ROOM,11.4859,,,,,1,,ACK
baseline,lost_spin_ack,3,1,6,84,62,58,USE_SPIN,5.017,,,0,0,,,SPIN_AFTER_STAR
baseline,reconnect_decision,3,1,6,85,63,58,SUBSCRIBE_ROOM,9.5687,,,,,1,,ACK
baseline,lost_spin_ack,3,1,6,86,63,58,USE_SPIN,5.9234,,,0,0,,,SPIN_AFTER_STAR
baseline,reconnect_after_answer,3,1,6,87,61,58,SUBSCRIBE_ROOM,20.6909,,,,,1,,ACK
baseline,lost_answer_ack,3,1,6,88,61,58,ANSWER,7.6796,,,0,0,,,QUESTION_CLOSED
baseline,reconnect_after_answer,3,1,6,89,62,58,SUBSCRIBE_ROOM,28.4342,,,,,1,,ACK
baseline,lost_answer_ack,3,1,6,90,62,58,ANSWER,6.7765,,,0,0,,,QUESTION_CLOSED
baseline,reconnect_after_answer,3,1,6,91,63,58,SUBSCRIBE_ROOM,17.8571,,,,,1,,ACK
baseline,lost_answer_ack,3,1,6,92,63,58,ANSWER,5.7277,,,0,0,,,QUESTION_CLOSED
baseline,retry_finished,3,1,6,93,61,58,ANSWER,7.1003,,,0,,,,QUESTION_CLOSED
baseline,retry_finished,3,1,6,94,62,58,ANSWER,3.6094,,,0,,,,QUESTION_CLOSED
baseline,retry_finished,3,1,6,95,63,58,ANSWER,3.0607,,,0,,,,QUESTION_CLOSED
baseline,durable_invariants,3,1,6,96,,58,HISTORY,,,,,0,,0,PASS
baseline,reconnect_decision,3,1,7,97,61,59,SUBSCRIBE_ROOM,10.2645,,,,,1,,ACK
baseline,lost_spin_ack,3,1,7,98,61,59,USE_SPIN,7.0427,,,0,0,,,SPIN_AFTER_STAR
baseline,reconnect_decision,3,1,7,99,62,59,SUBSCRIBE_ROOM,16.2141,,,,,1,,ACK
baseline,lost_spin_ack,3,1,7,100,62,59,USE_SPIN,8.3266,,,0,0,,,SPIN_AFTER_STAR
baseline,reconnect_decision,3,1,7,101,63,59,SUBSCRIBE_ROOM,18.9904,,,,,1,,ACK
baseline,lost_spin_ack,3,1,7,102,63,59,USE_SPIN,10.304,,,0,0,,,SPIN_AFTER_STAR
baseline,reconnect_after_answer,3,1,7,103,61,59,SUBSCRIBE_ROOM,14.2097,,,,,1,,ACK
baseline,lost_answer_ack,3,1,7,104,61,59,ANSWER,4.4296,,,0,0,,,QUESTION_CLOSED
baseline,reconnect_after_answer,3,1,7,105,62,59,SUBSCRIBE_ROOM,9.8454,,,,,1,,ACK
baseline,lost_answer_ack,3,1,7,106,62,59,ANSWER,3.5736,,,0,0,,,QUESTION_CLOSED
baseline,reconnect_after_answer,3,1,7,107,63,59,SUBSCRIBE_ROOM,9.8454,,,,,1,,ACK
baseline,lost_answer_ack,3,1,7,108,63,59,ANSWER,4.2143,,,0,0,,,QUESTION_CLOSED
baseline,retry_finished,3,1,7,109,61,59,ANSWER,8.3242,,,0,,,,QUESTION_CLOSED
baseline,retry_finished,3,1,7,110,62,59,ANSWER,5.6358,,,0,,,,QUESTION_CLOSED
baseline,retry_finished,3,1,7,111,63,59,ANSWER,6.5259,,,0,,,,QUESTION_CLOSED
baseline,durable_invariants,3,1,7,112,,59,HISTORY,,,,,0,,0,PASS
baseline,reconnect_decision,3,1,8,113,61,60,SUBSCRIBE_ROOM,14.917,,,,,1,,ACK
baseline,lost_spin_ack,3,1,8,114,61,60,USE_SPIN,7.6319,,,0,0,,,SPIN_AFTER_STAR
baseline,reconnect_decision,3,1,8,115,62,60,SUBSCRIBE_ROOM,12.2753,,,,,1,,ACK
baseline,lost_spin_ack,3,1,8,116,62,60,USE_SPIN,5.2144,,,0,0,,,SPIN_AFTER_STAR
baseline,reconnect_decision,3,1,8,117,63,60,SUBSCRIBE_ROOM,10.2873,,,,,1,,ACK
baseline,lost_spin_ack,3,1,8,118,63,60,USE_SPIN,4.0908,,,0,0,,,SPIN_AFTER_STAR
baseline,reconnect_after_answer,3,1,8,119,61,60,SUBSCRIBE_ROOM,16.8364,,,,,1,,ACK
baseline,lost_answer_ack,3,1,8,120,61,60,ANSWER,6.3462,,,0,0,,,QUESTION_CLOSED
baseline,reconnect_after_answer,3,1,8,121,62,60,SUBSCRIBE_ROOM,16.5848,,,,,1,,ACK
baseline,lost_answer_ack,3,1,8,122,62,60,ANSWER,7.1808,,,0,0,,,QUESTION_CLOSED
baseline,reconnect_after_answer,3,1,8,123,63,60,SUBSCRIBE_ROOM,22.9047,,,,,1,,ACK
baseline,lost_answer_ack,3,1,8,124,63,60,ANSWER,7.3159,,,0,0,,,QUESTION_CLOSED
baseline,retry_finished,3,1,8,125,61,60,ANSWER,12.3431,,,0,,,,QUESTION_CLOSED
baseline,retry_finished,3,1,8,126,62,60,ANSWER,8.9204,,,0,,,,QUESTION_CLOSED
baseline,retry_finished,3,1,8,127,63,60,ANSWER,7.8966,,,0,,,,QUESTION_CLOSED
baseline,durable_invariants,3,1,8,128,,60,HISTORY,,,,,0,,0,PASS
baseline,reconnect_decision,3,1,9,129,61,61,SUBSCRIBE_ROOM,15.7978,,,,,1,,ACK
baseline,lost_spin_ack,3,1,9,130,61,61,USE_SPIN,6.867,,,0,0,,,SPIN_AFTER_STAR
baseline,reconnect_decision,3,1,9,131,62,61,SUBSCRIBE_ROOM,16.1538,,,,,1,,ACK
baseline,lost_spin_ack,3,1,9,132,62,61,USE_SPIN,7.0299,,,0,0,,,SPIN_AFTER_STAR
baseline,reconnect_decision,3,1,9,133,63,61,SUBSCRIBE_ROOM,20.0673,,,,,1,,ACK
baseline,lost_spin_ack,3,1,9,134,63,61,USE_SPIN,7.7929,,,0,0,,,SPIN_AFTER_STAR
baseline,reconnect_after_answer,3,1,9,135,61,61,SUBSCRIBE_ROOM,8.418,,,,,1,,ACK
baseline,lost_answer_ack,3,1,9,136,61,61,ANSWER,3.7808,,,0,0,,,QUESTION_CLOSED
baseline,reconnect_after_answer,3,1,9,137,62,61,SUBSCRIBE_ROOM,8.6829,,,,,1,,ACK
baseline,lost_answer_ack,3,1,9,138,62,61,ANSWER,4.196,,,0,0,,,QUESTION_CLOSED
baseline,reconnect_after_answer,3,1,9,139,63,61,SUBSCRIBE_ROOM,8.9081,,,,,1,,ACK
baseline,lost_answer_ack,3,1,9,140,63,61,ANSWER,3.9333,,,0,0,,,QUESTION_CLOSED
baseline,retry_finished,3,1,9,141,61,61,ANSWER,8.1341,,,0,,,,QUESTION_CLOSED
baseline,retry_finished,3,1,9,142,62,61,ANSWER,5.6421,,,0,,,,QUESTION_CLOSED
baseline,retry_finished,3,1,9,143,63,61,ANSWER,5.6117,,,0,,,,QUESTION_CLOSED
baseline,durable_invariants,3,1,9,144,,61,HISTORY,,,,,0,,0,PASS
baseline,reconnect_decision,3,1,10,145,61,62,SUBSCRIBE_ROOM,15.0894,,,,,1,,ACK
baseline,lost_spin_ack,3,1,10,146,61,62,USE_SPIN,4.9262,,,0,0,,,SPIN_AFTER_STAR
baseline,reconnect_decision,3,1,10,147,62,62,SUBSCRIBE_ROOM,16.9751,,,,,1,,ACK
baseline,lost_spin_ack,3,1,10,148,62,62,USE_SPIN,6.7124,,,0,0,,,SPIN_AFTER_STAR
baseline,reconnect_decision,3,1,10,149,63,62,SUBSCRIBE_ROOM,11.1643,,,,,1,,ACK
baseline,lost_spin_ack,3,1,10,150,63,62,USE_SPIN,3.7591,,,0,0,,,SPIN_AFTER_STAR
baseline,reconnect_after_answer,3,1,10,151,61,62,SUBSCRIBE_ROOM,8.8021,,,,,1,,ACK
baseline,lost_answer_ack,3,1,10,152,61,62,ANSWER,3.7191,,,0,0,,,QUESTION_CLOSED
baseline,reconnect_after_answer,3,1,10,153,62,62,SUBSCRIBE_ROOM,7.85,,,,,1,,ACK
baseline,lost_answer_ack,3,1,10,154,62,62,ANSWER,4.1021,,,0,0,,,QUESTION_CLOSED
baseline,reconnect_after_answer,3,1,10,155,63,62,SUBSCRIBE_ROOM,7.7314,,,,,1,,ACK
baseline,lost_answer_ack,3,1,10,156,63,62,ANSWER,4.2796,,,0,0,,,QUESTION_CLOSED
baseline,retry_finished,3,1,10,157,61,62,ANSWER,4.5315,,,0,,,,QUESTION_CLOSED
baseline,retry_finished,3,1,10,158,62,62,ANSWER,2.7239,,,0,,,,QUESTION_CLOSED
baseline,retry_finished,3,1,10,159,63,62,ANSWER,2.6878,,,0,,,,QUESTION_CLOSED
baseline,durable_invariants,3,1,10,160,,62,HISTORY,,,,,0,,0,PASS
baseline,load,3,1,1,161,63,63,USE_SPIN,16.7343,,,,,,,ACK
baseline,load,3,1,1,162,61,63,USE_SPIN,29.1489,,,,,,,ACK
baseline,load,3,1,1,163,62,63,USE_SPIN,41.6984,,,,,,,ACK
baseline,load,3,1,1,164,63,63,ANSWER,21.3014,,,,,,,ACK
baseline,load,3,1,1,165,61,63,ANSWER,40.0226,,,,,,,ACK
baseline,load,3,1,1,166,62,63,ANSWER,62.9013,,,,,,,ACK
baseline,durable_invariants,3,1,1,167,,63,HISTORY,,,,,0,,0,PASS
baseline,load,3,1,2,168,63,64,USE_SPIN,16.5667,,,,,,,ACK
baseline,load,3,1,2,169,61,64,USE_SPIN,32.7991,,,,,,,ACK
baseline,load,3,1,2,170,62,64,USE_SPIN,53.8214,,,,,,,ACK
baseline,load,3,1,2,171,61,64,ANSWER,12.8129,,,,,,,ACK
baseline,load,3,1,2,172,63,64,ANSWER,25.0753,,,,,,,ACK
baseline,load,3,1,2,173,62,64,ANSWER,39.0361,,,,,,,ACK
baseline,durable_invariants,3,1,2,174,,64,HISTORY,,,,,0,,0,PASS
baseline,load,3,1,3,175,63,65,USE_SPIN,14.6908,,,,,,,ACK
baseline,load,3,1,3,176,61,65,USE_SPIN,28.4364,,,,,,,ACK
baseline,load,3,1,3,177,62,65,USE_SPIN,41.9428,,,,,,,ACK
baseline,load,3,1,3,178,63,65,ANSWER,15.8024,,,,,,,ACK
baseline,load,3,1,3,179,61,65,ANSWER,30.4619,,,,,,,ACK
baseline,load,3,1,3,180,62,65,ANSWER,44.7778,,,,,,,ACK
baseline,durable_invariants,3,1,3,181,,65,HISTORY,,,,,0,,0,PASS
baseline,load,4,1,1,182,62,66,USE_SPIN,22.0066,,,,,,,ACK
baseline,load,4,1,1,183,61,66,USE_SPIN,41.5831,,,,,,,ACK
baseline,load,4,1,1,184,64,66,USE_SPIN,61.8258,,,,,,,ACK
baseline,load,4,1,1,185,63,66,USE_SPIN,81.629,,,,,,,ACK
baseline,load,4,1,1,186,61,66,ANSWER,16.3781,,,,,,,ACK
baseline,load,4,1,1,187,64,66,ANSWER,59.6,,,,,,,ACK
baseline,load,4,1,1,188,63,66,ANSWER,75.3655,,,,,,,ACK
baseline,load,4,1,1,189,62,66,ANSWER,88.701,,,,,,,ACK
baseline,durable_invariants,4,1,1,190,,66,HISTORY,,,,,0,,0,PASS
baseline,load,4,1,2,191,64,67,USE_SPIN,18.251,,,,,,,ACK
baseline,load,4,1,2,192,63,67,USE_SPIN,35.8207,,,,,,,ACK
baseline,load,4,1,2,193,61,67,USE_SPIN,55.3604,,,,,,,ACK
baseline,load,4,1,2,194,62,67,USE_SPIN,72.7933,,,,,,,ACK
baseline,load,4,1,2,195,64,67,ANSWER,18.3414,,,,,,,ACK
baseline,load,4,1,2,196,62,67,ANSWER,38.3212,,,,,,,ACK
baseline,load,4,1,2,197,63,67,ANSWER,54.7884,,,,,,,ACK
baseline,load,4,1,2,198,61,67,ANSWER,75.0863,,,,,,,ACK
baseline,durable_invariants,4,1,2,199,,67,HISTORY,,,,,0,,0,PASS
baseline,load,4,1,3,200,63,68,USE_SPIN,19.8988,,,,,,,ACK
baseline,load,4,1,3,201,61,68,USE_SPIN,39.4474,,,,,,,ACK
baseline,load,4,1,3,202,62,68,USE_SPIN,58.6488,,,,,,,ACK
baseline,load,4,1,3,203,64,68,USE_SPIN,77.3267,,,,,,,ACK
baseline,load,4,1,3,204,61,68,ANSWER,18.3323,,,,,,,ACK
baseline,load,4,1,3,205,63,68,ANSWER,31.0556,,,,,,,ACK
baseline,load,4,1,3,206,62,68,ANSWER,44.4443,,,,,,,ACK
baseline,load,4,1,3,207,64,68,ANSWER,58.2419,,,,,,,ACK
baseline,durable_invariants,4,1,3,208,,68,HISTORY,,,,,0,,0,PASS
